Y,X,Name,Type
26.5500902834774,-78.7073099983005,Freeport International,International
26.5483547779903,-78.7000327863313,Freeport Regional,Regional
