X,Y,Name,Phone
-78.6940708221755,26.533629776856,Royal Bank of Canada,352-8896
-78.6940230338451,26.5328623271363,Bank of the Bahamas,350-2600
-78.6940187560887,26.5283402881698,Commonwealth Bank,352-8307
-78.6947779558366,26.5219422974999,Fidelity Bank,352-6676
-78.6945977022337,26.5246440492461,First Caribbean International Bank,352-6655
-78.6961108287588,26.5346211172746,Scotia Bank,
