Y,X,OBJECTID,Name
26.5406138104962,-78.6580217422458,1,
