Y,X,Name,Type
26.5324512342064,-78.6921627150677,Rand Memorial Hospital,1
26.5166621715488,-78.6872255807377,Sunrise Medical Center,0
26.5223102644439,-78.6636513189,Lucayan Medical Center,0
26.5181724306967,-78.6709385810967,The Medical Pavilion,0
26.5113251377728,-78.7376914704904,The Hawksbill Clinic,1
26.533865162438,-78.7933987867292,Eight Mile Rock Clinic,1
26.6962268971857,-78.9743656214745,West End Clinic,1
26.5244625588091,-78.6943576938737,Okyanos Cell Therapy,0
