Y,X,Division,
26.5326866752638,-78.7018986832298,Central
26.5369650303356,-78.6962598325326,Headquaters
26.5110431199898,-78.6444009119327,Lucaya
