Y,X,Location,Phone
26.5338525687063,-78.695175482827,Freeport,352-9371
26.5006261481903,-78.7360438098971,Hunters,353-7007
26.5432666223521,-78.8154498593866,Eight Mile Rock,348-2770
